Fold,Logistic Regression_AUROC_per_fold,Logistic Regression_AUPRC_per_fold,SVM_AUROC_per_fold,SVM_AUPRC_per_fold,Random Forest_AUROC_per_fold,Random Forest_AUPRC_per_fold
0,0.9230025811287156,0.9340498374073285,0.9317226939355041,0.9401239683597136,0.9285754493071152,0.9390104994641548
1,0.923293542860051,0.9341727181284779,0.9319222803174672,0.9402143777465385,0.9303312439950587,0.9374546868801115
2,0.9229115913293403,0.9341973621934396,0.9315462405533824,0.940394459837611,0.9308870785745754,0.9401581637748914
3,0.923218489127233,0.934407050542224,0.9317756428018074,0.9403059326179616,0.9303277740450826,0.939250669611235
4,0.9229205874959454,0.9340985326518447,0.9313421560881172,0.9397236354809633,0.9291230588200217,0.9371981115094605
